fmt,type,reserve_bit1       ,tc       ,reserve_bit2       ,attr1       ,reserve_bit3       ,th          ,td          ,ep          ,attr0       ,at          ,length      ,requester_id,tag         ,last_dw_be  ,first_dw_be ,completer_id,reserve_bit4,ext_register_number,register_number    ,reserve_bit5       ,payload            ,
0x2,0x5,0x0,0x7,0x0,0x0,0x0,0x0,0x0,0x0,0x2,0x0,0xda,0x8e2a,0xd,0x0,0x3,0x0,0x0,0x0,0x3f,0x0,0xfdeb6cb
0x2,0x5,0x0,0x6,0x0,0x0,0x0,0x0,0x0,0x0,0x0,0x2,0xf,0x3bb5,0x7b,0x0,0x3,0x0,0x0,0xf,0x0,0x0,0x13d94801
0x2,0x4,0x0,0x6,0x0,0x0,0x0,0x0,0x0,0x0,0x1,0x3,0x2e,0x8d1b,0x23,0x0,0x3,0x0,0x0,0xf,0x3f,0x0,0x4ce8feaf
0x0,0x4,0x0,0x4,0x0,0x1,0x0,0x0,0x0,0x0,0x3,0x3,0x3d2,0xe52,0x78,0x0,0x3,0x0,0x0,0xf,0x0,0x0,0x0
0x2,0x4,0x0,0x7,0x0,0x0,0x0,0x0,0x0,0x0,0x0,0x3,0x347,0x2092,0xb4,0x0,0x3,0x0,0x0,0x0,0x0,0x0,0x48244ea1
0x0,0x4,0x0,0x0,0x0,0x1,0x0,0x0,0x0,0x0,0x3,0x0,0x26a,0x6ba7,0x4f,0x0,0x3,0x0,0x0,0xf,0x0,0x0,0x0
0x0,0x4,0x0,0x0,0x0,0x1,0x0,0x0,0x0,0x0,0x0,0x2,0x354,0x436a,0x35,0x0,0x3,0x0,0x0,0xf,0x3f,0x0,0x0
0x0,0x5,0x0,0x0,0x0,0x1,0x0,0x0,0x0,0x0,0x2,0x1,0x1b4,0x6bb9,0x70,0x0,0x3,0x0,0x0,0x0,0x3f,0x0,0x0
0x2,0x4,0x0,0x5,0x0,0x0,0x0,0x0,0x0,0x0,0x2,0x1,0xa0,0xe507,0xd6,0x0,0x3,0x0,0x0,0xf,0x3f,0x0,0x26479a39
0x2,0x5,0x0,0x3,0x0,0x0,0x0,0x0,0x0,0x0,0x1,0x2,0x1a8,0xd92d,0x6a,0x0,0x3,0x0,0x0,0xf,0x3f,0x0,0x35e2e324
0x2,0x5,0x0,0x5,0x0,0x1,0x0,0x0,0x0,0x0,0x3,0x0,0x3d4,0x40a1,0x3a,0x0,0x3,0x0,0x0,0x0,0x0,0x0,0x4b312902
0x0,0x5,0x0,0x2,0x0,0x0,0x0,0x0,0x0,0x0,0x2,0x3,0x6a,0xc08d,0x45,0x0,0x3,0x0,0x0,0x0,0x3f,0x0,0x0
0x0,0x5,0x0,0x4,0x0,0x1,0x0,0x0,0x0,0x0,0x2,0x2,0xd,0x5ccd,0x2e,0x0,0x3,0x0,0x0,0xf,0x3f,0x0,0x0
0x2,0x4,0x0,0x2,0x0,0x0,0x0,0x0,0x0,0x0,0x0,0x1,0x397,0x16a2,0xe7,0x0,0x3,0x0,0x0,0x0,0x0,0x0,0x3804665f
0x2,0x4,0x0,0x3,0x0,0x0,0x0,0x0,0x0,0x0,0x1,0x2,0x330,0x50a6,0xe7,0x0,0x3,0x0,0x0,0xf,0x3f,0x0,0xf25fae9d
0x2,0x5,0x0,0x6,0x0,0x1,0x0,0x0,0x0,0x0,0x3,0x2,0x1e8,0xe1e8,0x9e,0x0,0x3,0x0,0x0,0x0,0x0,0x0,0x59f8fe03
0x2,0x5,0x0,0x5,0x0,0x1,0x0,0x0,0x0,0x0,0x1,0x2,0xba,0x849d,0x73,0x0,0x3,0x0,0x0,0xf,0x3f,0x0,0xec5f29ee
0x0,0x4,0x0,0x2,0x0,0x1,0x0,0x0,0x0,0x0,0x1,0x3,0x362,0x8ade,0x5b,0x0,0x3,0x0,0x0,0x0,0x3f,0x0,0x0
0x2,0x5,0x0,0x3,0x0,0x1,0x0,0x0,0x0,0x0,0x2,0x1,0x3b3,0x336a,0xdb,0x0,0x3,0x0,0x0,0x0,0x0,0x0,0x31362611
0x2,0x5,0x0,0x1,0x0,0x1,0x0,0x0,0x0,0x0,0x0,0x2,0x3d1,0x39be,0x85,0x0,0x3,0x0,0x0,0x0,0x0,0x0,0x5e1cfbcd
0x2,0x5,0x0,0x5,0x0,0x0,0x0,0x0,0x0,0x0,0x3,0x2,0xae,0x4a94,0xbf,0x0,0x3,0x0,0x0,0xf,0x3f,0x0,0x8cf783ee
0x0,0x5,0x0,0x1,0x0,0x0,0x0,0x0,0x0,0x0,0x2,0x3,0x3a9,0xe53e,0x95,0x0,0x3,0x0,0x0,0xf,0x0,0x0,0x0
0x2,0x5,0x0,0x1,0x0,0x0,0x0,0x0,0x0,0x0,0x0,0x0,0x11,0xed,0xbf,0x0,0x3,0x0,0x0,0xf,0x0,0x0,0xed303cec
0x0,0x5,0x0,0x4,0x0,0x0,0x0,0x0,0x0,0x0,0x3,0x0,0x300,0x2d95,0x24,0x0,0x3,0x0,0x0,0x0,0x3f,0x0,0x0
0x0,0x5,0x0,0x3,0x0,0x1,0x0,0x0,0x0,0x0,0x3,0x3,0x304,0x66d2,0xb0,0x0,0x3,0x0,0x0,0x0,0x0,0x0,0x0
0x2,0x5,0x0,0x6,0x0,0x1,0x0,0x0,0x0,0x0,0x1,0x3,0x278,0x7521,0xde,0x0,0x3,0x0,0x0,0x0,0x0,0x0,0x2ae72f13
0x0,0x5,0x0,0x4,0x0,0x0,0x0,0x0,0x0,0x0,0x3,0x2,0xda,0xb123,0xc,0x0,0x3,0x0,0x0,0x0,0x3f,0x0,0x0
0x0,0x4,0x0,0x4,0x0,0x0,0x0,0x0,0x0,0x0,0x0,0x3,0x353,0xc82e,0x5f,0x0,0x3,0x0,0x0,0x0,0x3f,0x0,0x0
0x2,0x4,0x0,0x3,0x0,0x0,0x0,0x0,0x0,0x0,0x0,0x0,0x3dc,0x2e05,0xcd,0x0,0x3,0x0,0x0,0x0,0x3f,0x0,0x7a4a9f21
0x2,0x4,0x0,0x1,0x0,0x1,0x0,0x0,0x0,0x0,0x1,0x2,0x387,0xc4e3,0x19,0x0,0x3,0x0,0x0,0xf,0x3f,0x0,0xbf5cd7ac
0x0,0x4,0x0,0x2,0x0,0x1,0x0,0x0,0x0,0x0,0x0,0x3,0x133,0x4b3f,0x76,0x0,0x3,0x0,0x0,0x0,0x3f,0x0,0x0
0x2,0x5,0x0,0x4,0x0,0x0,0x0,0x0,0x0,0x0,0x1,0x0,0x2b1,0x1b8e,0x9b,0x0,0x3,0x0,0x0,0x0,0x3f,0x0,0x5308e419
0x0,0x4,0x0,0x3,0x0,0x1,0x0,0x0,0x0,0x0,0x2,0x2,0x248,0xf875,0xbf,0x0,0x3,0x0,0x0,0x0,0x0,0x0,0x0
0x2,0x5,0x0,0x4,0x0,0x0,0x0,0x0,0x0,0x0,0x2,0x3,0x234,0xc09d,0x45,0x0,0x3,0x0,0x0,0x0,0x3f,0x0,0x16fc1ecf
0x2,0x5,0x0,0x7,0x0,0x0,0x0,0x0,0x0,0x0,0x1,0x2,0xb2,0xb89f,0x7f,0x0,0x3,0x0,0x0,0xf,0x0,0x0,0x937cc6c2
0x2,0x4,0x0,0x3,0x0,0x1,0x0,0x0,0x0,0x0,0x1,0x0,0x2db,0xb529,0x8a,0x0,0x3,0x0,0x0,0xf,0x3f,0x0,0xd826650e
0x0,0x5,0x0,0x1,0x0,0x1,0x0,0x0,0x0,0x0,0x1,0x3,0x3e4,0x8c0d,0x20,0x0,0x3,0x0,0x0,0xf,0x3f,0x0,0x0
0x0,0x4,0x0,0x2,0x0,0x1,0x0,0x0,0x0,0x0,0x1,0x0,0xcf,0xe91c,0x67,0x0,0x3,0x0,0x0,0xf,0x3f,0x0,0x0
0x2,0x5,0x0,0x5,0x0,0x0,0x0,0x0,0x0,0x0,0x1,0x2,0x14a,0x541d,0xe1,0x0,0x3,0x0,0x0,0x0,0x0,0x0,0xf8695a5
0x0,0x5,0x0,0x4,0x0,0x1,0x0,0x0,0x0,0x0,0x0,0x1,0x127,0xc42b,0x49,0x0,0x3,0x0,0x0,0xf,0x3f,0x0,0x0
0x2,0x4,0x0,0x6,0x0,0x0,0x0,0x0,0x0,0x0,0x2,0x1,0x28c,0xda3f,0xd2,0x0,0x3,0x0,0x0,0x0,0x3f,0x0,0x85b22a81
0x2,0x5,0x0,0x4,0x0,0x1,0x0,0x0,0x0,0x0,0x3,0x0,0x42,0x7f93,0x1b,0x0,0x3,0x0,0x0,0x0,0x3f,0x0,0xa37b9684
0x0,0x4,0x0,0x1,0x0,0x1,0x0,0x0,0x0,0x0,0x3,0x0,0x354,0x62b3,0x3c,0x0,0x3,0x0,0x0,0xf,0x0,0x0,0x0
0x2,0x5,0x0,0x4,0x0,0x0,0x0,0x0,0x0,0x0,0x0,0x3,0x1f9,0x5663,0xf6,0x0,0x3,0x0,0x0,0x0,0x3f,0x0,0x5866701c
0x2,0x5,0x0,0x5,0x0,0x0,0x0,0x0,0x0,0x0,0x0,0x1,0xa7,0xb107,0x72,0x0,0x3,0x0,0x0,0x0,0x0,0x0,0x8cb37679
0x2,0x5,0x0,0x0,0x0,0x1,0x0,0x0,0x0,0x0,0x2,0x2,0x141,0x5b1c,0xc9,0x0,0x3,0x0,0x0,0x0,0x3f,0x0,0x6c91c966
0x0,0x4,0x0,0x3,0x0,0x0,0x0,0x0,0x0,0x0,0x0,0x1,0x5a,0x634e,0xe7,0x0,0x3,0x0,0x0,0x0,0x3f,0x0,0x0
0x2,0x5,0x0,0x6,0x0,0x1,0x0,0x0,0x0,0x0,0x3,0x0,0x1af,0xc1e7,0xd9,0x0,0x3,0x0,0x0,0xf,0x0,0x0,0x8d0362c8
0x2,0x5,0x0,0x6,0x0,0x0,0x0,0x0,0x0,0x0,0x1,0x2,0x247,0x266e,0xac,0x0,0x3,0x0,0x0,0xf,0x3f,0x0,0x21ddbdd
0x2,0x5,0x0,0x1,0x0,0x1,0x0,0x0,0x0,0x0,0x3,0x0,0x3e0,0x2fc1,0x70,0x0,0x3,0x0,0x0,0xf,0x3f,0x0,0xafb7ad95
0x2,0x4,0x0,0x3,0x0,0x1,0x0,0x0,0x0,0x0,0x0,0x0,0x393,0xaa58,0x76,0x0,0x3,0x0,0x0,0x0,0x0,0x0,0xdaa9473
0x0,0x5,0x0,0x3,0x0,0x0,0x0,0x0,0x0,0x0,0x0,0x3,0x14,0x34ee,0x32,0x0,0x3,0x0,0x0,0xf,0x3f,0x0,0x0
0x0,0x4,0x0,0x3,0x0,0x1,0x0,0x0,0x0,0x0,0x0,0x1,0x313,0x858f,0x6c,0x0,0x3,0x0,0x0,0x0,0x0,0x0,0x0
0x2,0x5,0x0,0x3,0x0,0x0,0x0,0x0,0x0,0x0,0x3,0x2,0x24f,0x6025,0x9,0x0,0x3,0x0,0x0,0xf,0x0,0x0,0x8fd5ffad
0x2,0x5,0x0,0x6,0x0,0x1,0x0,0x0,0x0,0x0,0x0,0x0,0x219,0x4641,0xe3,0x0,0x3,0x0,0x0,0xf,0x0,0x0,0xa0bd80e3
0x2,0x4,0x0,0x2,0x0,0x0,0x0,0x0,0x0,0x0,0x1,0x2,0x2c4,0x9913,0xe,0x0,0x3,0x0,0x0,0xf,0x0,0x0,0x91fb0da7
0x2,0x5,0x0,0x5,0x0,0x0,0x0,0x0,0x0,0x0,0x1,0x0,0x1e2,0xce5a,0xe2,0x0,0x3,0x0,0x0,0x0,0x0,0x0,0xcbe57296
0x0,0x5,0x0,0x7,0x0,0x1,0x0,0x0,0x0,0x0,0x3,0x1,0x18a,0x7fcd,0xc0,0x0,0x3,0x0,0x0,0x0,0x0,0x0,0x0
0x2,0x4,0x0,0x0,0x0,0x0,0x0,0x0,0x0,0x0,0x3,0x1,0x1eb,0x99ef,0xa2,0x0,0x3,0x0,0x0,0xf,0x3f,0x0,0x6591651e
0x0,0x4,0x0,0x1,0x0,0x0,0x0,0x0,0x0,0x0,0x0,0x2,0x18c,0xdada,0x37,0x0,0x3,0x0,0x0,0xf,0x0,0x0,0x0
0x2,0x5,0x0,0x2,0x0,0x0,0x0,0x0,0x0,0x0,0x3,0x0,0x324,0xba31,0x35,0x0,0x3,0x0,0x0,0xf,0x3f,0x0,0x437b6ba0
0x2,0x4,0x0,0x5,0x0,0x0,0x0,0x0,0x0,0x0,0x3,0x0,0x151,0x6f64,0xc5,0x0,0x3,0x0,0x0,0x0,0x3f,0x0,0x44069c24
0x2,0x5,0x0,0x6,0x0,0x1,0x0,0x0,0x0,0x0,0x3,0x1,0x3a7,0xcd0b,0xdb,0x0,0x3,0x0,0x0,0xf,0x3f,0x0,0x5fdc2d61
0x0,0x5,0x0,0x3,0x0,0x0,0x0,0x0,0x0,0x0,0x3,0x0,0xe3,0x1b72,0x99,0x0,0x3,0x0,0x0,0x0,0x0,0x0,0x0
0x0,0x4,0x0,0x7,0x0,0x1,0x0,0x0,0x0,0x0,0x3,0x3,0x389,0x5c96,0x30,0x0,0x3,0x0,0x0,0xf,0x3f,0x0,0x0
0x2,0x5,0x0,0x6,0x0,0x0,0x0,0x0,0x0,0x0,0x2,0x3,0x13c,0x2ab5,0x88,0x0,0x3,0x0,0x0,0xf,0x3f,0x0,0x35e4ec80
0x0,0x4,0x0,0x4,0x0,0x0,0x0,0x0,0x0,0x0,0x1,0x0,0x29,0xb353,0x86,0x0,0x3,0x0,0x0,0xf,0x3f,0x0,0x0
0x2,0x4,0x0,0x7,0x0,0x0,0x0,0x0,0x0,0x0,0x1,0x2,0x1c5,0x251,0x68,0x0,0x3,0x0,0x0,0xf,0x0,0x0,0x4f83bcb9
0x0,0x4,0x0,0x6,0x0,0x0,0x0,0x0,0x0,0x0,0x3,0x0,0x45,0x1270,0x5b,0x0,0x3,0x0,0x0,0xf,0x0,0x0,0x0
0x2,0x5,0x0,0x7,0x0,0x0,0x0,0x0,0x0,0x0,0x3,0x2,0x1ad,0xa27,0x63,0x0,0x3,0x0,0x0,0x0,0x0,0x0,0x2fc95008
0x2,0x4,0x0,0x0,0x0,0x1,0x0,0x0,0x0,0x0,0x1,0x1,0x1c6,0x63c1,0xf7,0x0,0x3,0x0,0x0,0xf,0x0,0x0,0xcbaabf66
0x0,0x5,0x0,0x4,0x0,0x0,0x0,0x0,0x0,0x0,0x3,0x1,0x326,0x9605,0xba,0x0,0x3,0x0,0x0,0xf,0x3f,0x0,0x0
0x0,0x4,0x0,0x6,0x0,0x0,0x0,0x0,0x0,0x0,0x2,0x1,0x1cb,0xf587,0xe7,0x0,0x3,0x0,0x0,0xf,0x3f,0x0,0x0
0x2,0x5,0x0,0x0,0x0,0x0,0x0,0x0,0x0,0x0,0x1,0x1,0x1f1,0xd486,0x7f,0x0,0x3,0x0,0x0,0x0,0x0,0x0,0x6b3f199
0x0,0x5,0x0,0x4,0x0,0x1,0x0,0x0,0x0,0x0,0x3,0x0,0x96,0x98b4,0x97,0x0,0x3,0x0,0x0,0x0,0x3f,0x0,0x0
0x0,0x5,0x0,0x1,0x0,0x1,0x0,0x0,0x0,0x0,0x0,0x0,0x3c8,0x4f34,0xa1,0x0,0x3,0x0,0x0,0xf,0x3f,0x0,0x0
0x2,0x5,0x0,0x2,0x0,0x0,0x0,0x0,0x0,0x0,0x1,0x1,0x317,0x2a83,0x37,0x0,0x3,0x0,0x0,0xf,0x3f,0x0,0x65ebf36f
0x0,0x5,0x0,0x2,0x0,0x0,0x0,0x0,0x0,0x0,0x1,0x1,0x2a7,0xaa2f,0x7b,0x0,0x3,0x0,0x0,0xf,0x0,0x0,0x0
0x0,0x4,0x0,0x6,0x0,0x1,0x0,0x0,0x0,0x0,0x3,0x1,0x3d6,0x58c6,0xa5,0x0,0x3,0x0,0x0,0x0,0x3f,0x0,0x0
0x2,0x4,0x0,0x7,0x0,0x1,0x0,0x0,0x0,0x0,0x0,0x3,0x142,0x8d20,0xd,0x0,0x3,0x0,0x0,0x0,0x3f,0x0,0x591b7982
0x0,0x4,0x0,0x2,0x0,0x1,0x0,0x0,0x0,0x0,0x2,0x2,0xd7,0x456d,0x27,0x0,0x3,0x0,0x0,0x0,0x0,0x0,0x0
0x2,0x5,0x0,0x4,0x0,0x1,0x0,0x0,0x0,0x0,0x3,0x3,0x308,0xa6d2,0x13,0x0,0x3,0x0,0x0,0xf,0x0,0x0,0x16dd6436
0x0,0x4,0x0,0x5,0x0,0x1,0x0,0x0,0x0,0x0,0x0,0x3,0x2e5,0xd776,0xc,0x0,0x3,0x0,0x0,0xf,0x3f,0x0,0x0
0x2,0x4,0x0,0x5,0x0,0x1,0x0,0x0,0x0,0x0,0x0,0x0,0x139,0xf245,0x12,0x0,0x3,0x0,0x0,0x0,0x0,0x0,0x518949d5
0x2,0x5,0x0,0x3,0x0,0x1,0x0,0x0,0x0,0x0,0x0,0x3,0x15c,0x1218,0x72,0x0,0x3,0x0,0x0,0xf,0x3f,0x0,0x943d1a73
0x2,0x4,0x0,0x7,0x0,0x0,0x0,0x0,0x0,0x0,0x0,0x1,0x1a6,0xf394,0x7f,0x0,0x3,0x0,0x0,0xf,0x3f,0x0,0x2cf1b6e0
0x2,0x5,0x0,0x3,0x0,0x0,0x0,0x0,0x0,0x0,0x2,0x1,0x134,0x815e,0x20,0x0,0x3,0x0,0x0,0xf,0x0,0x0,0xa20f35af
0x0,0x5,0x0,0x6,0x0,0x1,0x0,0x0,0x0,0x0,0x3,0x1,0x299,0x2195,0x48,0x0,0x3,0x0,0x0,0x0,0x3f,0x0,0x0
0x2,0x5,0x0,0x1,0x0,0x1,0x0,0x0,0x0,0x0,0x1,0x1,0x247,0x7f87,0xba,0x0,0x3,0x0,0x0,0xf,0x3f,0x0,0xccf610c6
0x2,0x5,0x0,0x6,0x0,0x1,0x0,0x0,0x0,0x0,0x2,0x0,0x204,0x4322,0x3f,0x0,0x3,0x0,0x0,0xf,0x0,0x0,0x72c41abf
0x2,0x5,0x0,0x7,0x0,0x0,0x0,0x0,0x0,0x0,0x2,0x1,0x1db,0xa284,0xba,0x0,0x3,0x0,0x0,0x0,0x0,0x0,0x78837a43
0x2,0x5,0x0,0x6,0x0,0x1,0x0,0x0,0x0,0x0,0x2,0x3,0x108,0xca9a,0x2f,0x0,0x3,0x0,0x0,0xf,0x0,0x0,0x8feab1c0
0x0,0x4,0x0,0x4,0x0,0x1,0x0,0x0,0x0,0x0,0x3,0x3,0x175,0xbc3c,0x8b,0x0,0x3,0x0,0x0,0xf,0x0,0x0,0x0
0x2,0x5,0x0,0x3,0x0,0x1,0x0,0x0,0x0,0x0,0x3,0x0,0x3fb,0x6812,0xe9,0x0,0x3,0x0,0x0,0xf,0x0,0x0,0xdd25baa0
0x0,0x4,0x0,0x2,0x0,0x1,0x0,0x0,0x0,0x0,0x1,0x0,0x139,0xca46,0x79,0x0,0x3,0x0,0x0,0x0,0x0,0x0,0x0
0x0,0x4,0x0,0x3,0x0,0x0,0x0,0x0,0x0,0x0,0x2,0x3,0x1d5,0xc8fb,0x96,0x0,0x3,0x0,0x0,0xf,0x0,0x0,0x0
0x2,0x5,0x0,0x3,0x0,0x0,0x0,0x0,0x0,0x0,0x2,0x1,0x344,0x58a6,0x4f,0x0,0x3,0x0,0x0,0xf,0x3f,0x0,0xa9d5e6e2
0x2,0x4,0x0,0x1,0x0,0x1,0x0,0x0,0x0,0x0,0x1,0x0,0x1da,0x791f,0xb7,0x0,0x3,0x0,0x0,0x0,0x0,0x0,0x16a48099
0x0,0x4,0x0,0x3,0x0,0x1,0x0,0x0,0x0,0x0,0x3,0x2,0x39a,0xc076,0x1,0x0,0x3,0x0,0x0,0xf,0x3f,0x0,0x0
0x0,0x5,0x0,0x2,0x0,0x0,0x0,0x0,0x0,0x0,0x3,0x2,0x94,0x3881,0xd2,0x0,0x3,0x0,0x0,0xf,0x3f,0x0,0x0
